-- Insertion des adresses de facturation
INSERT INTO BILL_TO_ADDRESS (BILL_TO_ADDRESS_ID, ADDRESS_1, CITY, STATE, ZIP_CODE) 
VALUES ('BILL001', '123 Rue du Commerce', 'Paris', 'IDF', '75001');

INSERT INTO BILL_TO_ADDRESS (BILL_TO_ADDRESS_ID, ADDRESS_1, CITY, STATE, ZIP_CODE) 
VALUES ('BILL002', '45 Avenue des Affaires', 'Lyon', 'RA', '69002');

-- Insertion des adresses de livraison
INSERT INTO SHIP_TO_ADDRESS (SHIP_TO_ADDRESS_ID, ADDRESS_1, CITY, STATE, ZIP_CODE) 
VALUES ('SHIP001', '123 Rue du Commerce', 'Paris', 'IDF', '75001');

INSERT INTO SHIP_TO_ADDRESS (SHIP_TO_ADDRESS_ID, ADDRESS_1, CITY, STATE, ZIP_CODE) 
VALUES ('SHIP002', '45 Avenue des Affaires', 'Lyon', 'RA', '69002');

-- Insertion des informations de paiement
INSERT INTO PAYMENT_INFO (PAYMENT_ID, PAYMENT_STATUS, CARD_TYPE, AUTHORIZED_AMOUNT, COLLECTED_AMOUNT) 
VALUES ('PAY001', 'COMPLETED', 'VISA', 73.17, 73.17);

INSERT INTO PAYMENT_INFO (PAYMENT_ID, PAYMENT_STATUS, CARD_TYPE, AUTHORIZED_AMOUNT, COLLECTED_AMOUNT) 
VALUES ('PAY002', 'COMPLETED', 'MASTERCARD', 120.48, 120.48);

-- Insertion des frais
INSERT INTO CHARGES (CHARGES_ID, LINE_SUB_TOTAL, TOTAL_CHARGES, SALES_TAX, GRAND_TOTAL) 
VALUES ('CHARGE001', 59.98, 5.99, 7.20, 73.17);

INSERT INTO CHARGES (CHARGES_ID, LINE_SUB_TOTAL, TOTAL_CHARGES, SALES_TAX, GRAND_TOTAL) 
VALUES ('CHARGE002', 99.99, 7.99, 12.50, 120.48);

-- Insertion des commandes
INSERT INTO SALES_ORDER (CUSTOMER_ORDER_ID, PRIMARY_PHONE, CUSTOMER_EMAIL_ID, ORDER_STATUS, FIRST_NAME, 
                         ORDER_DATE, PROFILE_ID, LAST_NAME, ENTRY_TYPE, BILL_TO_ADDRESS_ID, SHIP_TO_ADDRESS_ID, 
                         PAYMENT_ID, CHARGES_ID) 
VALUES ('ORD001', '0123456789', 'client1@example.com', 'COMPLETED', 'Jean', '2025-05-01', 'PROF001', 
        'Dupont', 'ONLINE', 'BILL001', 'SHIP001', 'PAY001', 'CHARGE001');

INSERT INTO SALES_ORDER (CUSTOMER_ORDER_ID, PRIMARY_PHONE, CUSTOMER_EMAIL_ID, ORDER_STATUS, FIRST_NAME, 
                         ORDER_DATE, PROFILE_ID, LAST_NAME, ENTRY_TYPE, BILL_TO_ADDRESS_ID, SHIP_TO_ADDRESS_ID, 
                         PAYMENT_ID, CHARGES_ID) 
VALUES ('ORD002', '0987654321', 'client2@example.com', 'PROCESSING', 'Marie', '2025-05-02', 'PROF002', 
        'Martin', 'ONLINE', 'BILL002', 'SHIP002', 'PAY002', 'CHARGE002');

-- Insertion des lignes de commande
INSERT INTO ORDER_LINE (LINE_ITEM_ID, STATUS, CUSTOMER_ORDER_ID, CUSTOMER_SKU, SKU_DESCRIPTION) 
VALUES ('LI001', 'SHIPPED', 'ORD001', 'PROD001', 'Produit 1');

INSERT INTO ORDER_LINE (LINE_ITEM_ID, STATUS, CUSTOMER_ORDER_ID, CUSTOMER_SKU, SKU_DESCRIPTION) 
VALUES ('LI002', 'PROCESSING', 'ORD001', 'PROD002', 'Produit 2');

INSERT INTO ORDER_LINE (LINE_ITEM_ID, STATUS, CUSTOMER_ORDER_ID, CUSTOMER_SKU, SKU_DESCRIPTION) 
VALUES ('LI003', 'PROCESSING', 'ORD002', 'PROD003', 'Produit 3');

INSERT INTO ORDER_LINE (LINE_ITEM_ID, STATUS, CUSTOMER_ORDER_ID, CUSTOMER_SKU, SKU_DESCRIPTION) 
VALUES ('LI004', 'PROCESSING', 'ORD002', 'PROD004', 'Produit 4');
